source;channel
(direct);direct
109.3.164.102;referral
36ohk6dgmcd1n.c.yom.mail.yahoo.net;webmail
36ohk6dgmcd1n-c.c.yom.mail.yahoo.net;webmail
46.218.144.17;referral
a84.buzzee.fr;webmail
abp.bzh;referral
a-brest.net;referral
academy-mon-club-elec.fr;referral
aci-kairos.com;referral
admin.infolocale.fr;referral
aei-bretagne.org;referral
agencebretagnepresse.com;referral
agenda.sortiesdesecours.com;referral
alain.lesant.free.fr;referral
aleos2i.fr;referral
alice;webmail
alloweb.org;referral
amazon.com;referral
amazon.fr;referral
anakeyn.com;referral
android.viadeo.com;social
aol;webmail
apnacircle.com;referral
app.buzzstream.com;referral
arpe.caplorient.fr;referral
arpe.paysdelorient.com;referral
ask;search
auto-entrepreneurs35.fr;referral
avg;referral
babylon;referral
be.viadeo.com;social
bing;search
bl159w.blu159.mail.live.com;webmail
bl162w.blu162.mail.live.com;webmail
blog.gracebailhache.com;referral
blog.oxidesign.fr;referral
businesspme.com;referral
buzcard.fr;referral
by155w.bay155.mail.live.com;webmail
by159w.bay159.mail.live.com;webmail
by171w.bay171.mail.live.com;webmail
camsa.aleos2i.fr;referral
capcadres.fr;referral
capequipe.com;referral
capmail.agglo-lorient.fr;webmail
ccieco:8080;referral
ccre56.com;referral
cdpl.bzh;referral
cecilebonnet.com;referral
cecilebonnet.wordpress.com;referral
chercher.aguea.com;search
cluster006.ovh.net;webmail
clusty.com;search
co112w.col112.mail.live.com;webmail
co124w.col124.mail.live.com;webmail
code-postal-villes.com;referral
com.google.android.apps.plus;search
com.google.android.gm;search
com.google.android.googlequicksearchbox;search
com.linkedin.android;social
compareandshare.com;referral
conduit;referral
corporama.com;referral
coworkgames.com;referral
coworking-carte.fr;referral
coworking-lorient.com;referral
delta-search.com;search
designsgenius.com;referral
dogdev.net;referral
dtbsportsandevents.com;referral
du103w.dub103.mail.live.com;webmail
du104w.dub104.mail.live.com;webmail
du107w.dub107.mail.live.com;webmail
du111w.dub111.mail.live.com;webmail
du113w.dub113.mail.live.com;webmail
du115w.dub115.mail.live.com;webmail
du119w.dub119.mail.live.com;webmail
du121w.dub121.mail.live.com;webmail
duckduckgo.com;search
ecofree.org;search
ecosia.org;search
ecrivez-moi.com;referral
elan-services.fr;referral
en.forums.wordpress.com;referral
entreprendre-ensemble.com;referral
entreprises.ouest-france.fr;referral
es.slideshare.net;social
events.networking-morbihan.com;referral
facebook.com;social
femmesdebretagne.fr;referral
feuille-de-chou-lorient.info;referral
flammedevie.com;referral
flipboard.com;referral
flux-rss.info;referral
fr.linkedin.com;social
fr.mc1710.mail.yahoo.com;webmail
fr.mc1713.mail.yahoo.com;webmail
fr.mc1714.mail.yahoo.com;webmail
fr.mc256.mail.yahoo.com;webmail
fr.mg40.mail.yahoo.com;webmail
fr.mg41.mail.yahoo.com;webmail
fr.search.yahoo.com;search
fr.slideshare.net;social
fr.twitter.com;social
fr.viadeo.com;social
free-website-traffic.com;referral
fr-fr.facebook.com;social
fr-mg40.mail.yahoo.com;webmail
fr-mg41.mail.yahoo.com;webmail
fr-mg42.mail.yahoo.com;webmail
fr-mg5.mail.yahoo.com;webmail
getpocket.com;referral
global-et-local.eu;referral
google;search
google.be;search
google.ch;search
google.co.in;search
google.co.ma;search
google.com;search
google.de;search
google.dz;search
google.fr;search
google.gp;search
google.it;search
google.sk;search
google.sn;search
gref-bretagne.com;referral
hellofacteur.com;referral
hellosearch.fr;referral
hootsuite.com;social
iadah.com;referral
ids33023.delosmail.com;webmail
images.google;search
images.google.de;search
images.google.fr;search
infolocale.fr;referral
infolocale.ouest-france.fr;referral
int.search.tb.ask.com;search
interviews.meetoyen.info;referral
intrabms.com;referral
intranet.actioncadres56.fr;referral
isearch.searchcompletion.com;search
kerpont.fr;referral
klerthis.com;referral
klerthis.s1te.fr;referral
kreiz-it.fr;referral
l.facebook.com;social
le-fab-lab.com;referral
lejournaldesentreprises.com;referral
lemoteur.ke.voila.fr;search
lemoteur.orange.fr;search
lesant.linux-france.fr;referral
letelegramme.com;referral
lexisnexis.com;referral
liaisonvegetale.com;referral
link.smartscreen.live.com;referral
linkedin.com;social
linkis.com;social
lm.facebook.com;social
lnkd.in;social
localhost;webmail
lorient.letelegramme.com;referral
m.facebook.com;social
m.lemoteur.orange.fr;search
m.yahoo.com;search
mail.capdev.ws;webmail
mail.conservateur.fr;webmail
mail.google.com;webmail
mail.i-wel.fr;webmail
mail.voila.fr;webmail
mailchi.mp;webmail
medef-morbihan.griotte.biz;referral
meetoyen.info;referral
meetoyen.net;referral
meetup.com;referral
messagerie.laforet.com;webmail
messagerie-11.sfr.fr;webmail
messagerie-12.sfr.fr;webmail
messagerie-13.sfr.fr;webmail
messagingsuite.orange.fr;webmail
mobile.abp.bzh;referral
mobile.macbookoccasion.fr;referral
mon.iciwifi.com;referral
mon-guide.info;referral
morbihan.cci.fr;referral
msgsiege2.samsic.fr;webmail
msgsiege3.samsic.fr;webmail
msn;webmail
mysearchresults.com;search
netvibes.com;referral
networking-morbihan.us9.list-manage.com;webmail
networking-morbihan.us9.list-manage1.com;webmail
networking-morbihan.us9.list-manage2.com;webmail
oress-bretagne.fr;referral
oress-v2.versio.fr;referral
oscar.morbihan.cci.fr;referral
ouest-france.fr;referral
outlook.live.com;webmail
paper.li;referral
paypal.com;referral
paysdelorient.com;referral
pearltrees.com;referral
pierrerouarch.com;referral
placedesreseaux.com;referral
plus.google.com;social
plus.url.google.com;social
promo-hddor.info;referral
qoelis.fr;referral
quaidesreseaux56.fr;referral
qwant.com;search
r.duckduckgo.com;search
res31.com;referral
s.sib.im;webmail
sa-crea.com;referral
scoop.it;referral
search;search
search.fbdownloader.com;search
search.free.fr;search
search.genieo.com;search
search.globososo.com;search
search.iminent.com;search
search.incredibar.com;search
search.lilo.org;search
search.m.orange.fr;search
search.searchcompletion.com;search
search.snap.do;search
search.snapdo.com;search
search.sweetim.com;search
search.tb.ask.com;search
search.zonealarm.com;search
searches.safehomepage.com;search
search-results;search
secury-surf.com;referral
sfr.fr;webmail
sites.google.com;referral
sn111w.snt111.mail.live.com;webmail
sn113w.snt113.mail.live.com;webmail
sn134w.snt134.mail.live.com;webmail
sn139w.snt139.mail.live.com;webmail
sortir-en-bretagne.fr;referral
start.mysearchdial.com;referral
startsiden;referral
synagri.com;referral
t.co;social
t.ymlp228.net;webmail
tablet.orangemail.orange.fr;webmail
tabsopener.com;referral
thecrowdworking.com;referral
thierry-noellec-mediation.com;referral
tinyurl.com;referral
toctoc.relaxevents.com;referral
toile.com;referral
topsy.com;referral
tp2.orange.fr;webmail
translate.google.se;search
twitter.com;social
twitterfeed;social
tyweb.bzh;referral
univ-ubs.fr;referral
us9.campaign-archive.com;webmail
us9.campaign-archive1.com;webmail
us9.campaign-archive2.com;webmail
viadeo.com;social
vipe-vannes.com;referral
web.facebook.com;social
webmail.infomaniak.ch;webmail
webmail.juniorsenior.fr;webmail
webmail.laposte.net;webmail
webmail.parano.ch;webmail
webmail.rentashop.fr;webmail
webmail.safti.fr;webmail
webmail.self-access.com;webmail
webmail.sfr.fr;webmail
webmail.sfrbusinessteam.fr;webmail
webmail1c.orange.fr;webmail
webmail1d.orange.fr;webmail
webmail1e.orange.fr;webmail
webmail1f.orange.fr;webmail
webmail1g.orange.fr;webmail
webmail1h.orange.fr;webmail
webmail1j.orange.fr;webmail
webmail1k.orange.fr;webmail
webmail1m.orange.fr;webmail
webmail1n.orange.fr;webmail
webmail1p.orange.fr;webmail
webmail-1y.bbox.bouyguestelecom.fr;webmail
webmail22.orange.fr;webmail
webmail-2d.bbox.bouyguestelecom.fr;webmail
webmail-2y.bbox.bouyguestelecom.fr;webmail
webmail-3b.bbox.bouyguestelecom.fr;webmail
webmail-3y.bbox.bouyguestelecom.fr;webmail
webmail-6d.bbox.bouyguestelecom.fr;webmail
webmail-6y.bbox.bouyguestelecom.fr;webmail
webmailpro1d.orange.fr;webmail
webmailpro1h.orange.fr;webmail
website-unavailable.com;referral
well-ce.fr;referral
wherevent.com;referral
wsiadn.fr;referral
www1.delta-search.com;search
www2.delta-search.com;search
yahoo;search
yakafocon.fr;referral
yandex;search
yasni.info;referral
yoono.com;referral
youseemii.fr;referral
zediteurs.meetoyen.net;referral
zimbra.aliceadsl.fr;webmail
zimbra.free.fr;webmail
